imei,modello
354844945249715,Samsung Xcover 7
354844945229386,Samsung Xcover 7
354844941113204,Samsung Xcover 7
354844945253659,Samsung Xcover 7
354844941115852,Samsung Xcover 7
354844945243072,Samsung Xcover 7
354844941114145,Samsung Xcover 7
354844945787771,Samsung Xcover 7
354844945787706,Samsung Xcover 7
354844945911637,Samsung Xcover 7
354844945921156,Samsung Xcover 7
354844945902487,Samsung Xcover 7
354844945914805,Samsung Xcover 7
354844945908377,Samsung Xcover 7
354844945903196,Samsung Xcover 7
354844945910837,Samsung Xcover 7
354844945921438,Samsung Xcover 7
354844945793613,Samsung Xcover 7
354844945252214,Samsung Xcover 7
354844945251331,Samsung Xcover 7
354844945249004,Samsung Xcover 7
354844945253600,Samsung Xcover 7
354844945247768,Samsung Xcover 7
354844945225798,Samsung Xcover 7
354844945224148,Samsung Xcover 7
354844945223967,Samsung Xcover 7
354844945237017,Samsung Xcover 7
354844945235219,Samsung Xcover 7
354844945223116,Samsung Xcover 7
354844945222399,Samsung Xcover 7
354844945222449,Samsung Xcover 7
354844945231747,Samsung Xcover 7
354844945224635,Samsung Xcover 7
354844945225749,Samsung Xcover 7
354844945236837,Samsung Xcover 7
354844945223769,Samsung Xcover 7
354844945235201,Samsung Xcover 7
354844945236613,Samsung Xcover 7
354844945237389,Samsung Xcover 7
354844945235508,Samsung Xcover 7
354844945237728,Samsung Xcover 7
354844945225822,Samsung Xcover 7
354844945234279,Samsung Xcover 7
354844945906488,Samsung Xcover 7
354844945916412,Samsung Xcover 7
354844945244773,Samsung Xcover 7
354844945251455,Samsung Xcover 7
354844945250770,Samsung Xcover 7
354844945236464,Samsung Xcover 7
354844945225707,Samsung Xcover 7
354844945225780,Samsung Xcover 7
354844945234865,Samsung Xcover 7
354844945235904,Samsung Xcover 7
354844945906546,Samsung Xcover 7
354844945920042,Samsung Xcover 7
354844945902974,Samsung Xcover 7
354844945915935,Samsung Xcover 7
354844945903444,Samsung Xcover 7
354844945900242,Samsung Xcover 7
354844945900473,Samsung Xcover 7
354844945914078,Samsung Xcover 7
354844945902529,Samsung Xcover 7
354844945903774,Samsung Xcover 7
354844945920372,Samsung Xcover 7
354844945903550,Samsung Xcover 7
354844945900622,Samsung Xcover 7
354844945920380,Samsung Xcover 7
354844945926171,Samsung Xcover 7
354844945916610,Samsung Xcover 7
354844945232588,Samsung Xcover 7
354844945225715,Samsung Xcover 7
354844945229709,Samsung Xcover 7
354844945908617,Samsung Xcover 7
354844945911702,Samsung Xcover 7
354844945912072,Samsung Xcover 7
354844945922725,Samsung Xcover 7
354844945908799,Samsung Xcover 7
354844945854100,Samsung Xcover 7
354844945903956,Samsung Xcover 7
354844945900069,Samsung Xcover 7
354844945911009,Samsung Xcover 7
354844945922907,Samsung Xcover 7
354844945899873,Samsung Xcover 7
354844945901059,Samsung Xcover 7
354844945913195,Samsung Xcover 7
354844945921180,Samsung Xcover 7
354844945913559,Samsung Xcover 7
354844945910340,Samsung Xcover 7
354844945909151,Samsung Xcover 7
354844945900366,Samsung Xcover 7
354844945922329,Samsung Xcover 7
354844945912049,Samsung Xcover 7
354844945907882,Samsung Xcover 7
354844945901372,Samsung Xcover 7
354844945922477,Samsung Xcover 7
354844945922246,Samsung Xcover 7
354844945904814,Samsung Xcover 7
354844945900226,Samsung Xcover 7
354844945920687,Samsung Xcover 7
354844945910209,Samsung Xcover 7
354844945900671,Samsung Xcover 7
354844945899436,Samsung Xcover 7
354844941114822,Samsung Xcover 7
354844941114707,Samsung Xcover 7
354844941115225,Samsung Xcover 7
354844941115365,Samsung Xcover 7
354844945232307,Samsung Xcover 7
354844945227414,Samsung Xcover 7
354844945232315,Samsung Xcover 7
354844945248790,Samsung Xcover 7
354844945258096,Samsung Xcover 7
354844945257429,Samsung Xcover 7
354844945253444,Samsung Xcover 7
354844945257130,Samsung Xcover 7
354844945248931,Samsung Xcover 7
354844945905985,Samsung Xcover 7
354844945257502,Samsung Xcover 7
354844945899568,Samsung Xcover 7
354844945902024,Samsung Xcover 7
354844945900176,Samsung Xcover 7
354844945905910,Samsung Xcover 7
354844945903873,Samsung Xcover 7
354844945900101,Samsung Xcover 7
354844945903329,Samsung Xcover 7
354844945233875,Samsung Xcover 7
354844945225731,Samsung Xcover 7
354844945912262,Samsung Xcover 7
354844945903345,Samsung Xcover 7
354844945914300,Samsung Xcover 7
354844945908849,Samsung Xcover 7
354844945921271,Samsung Xcover 7
354844945912239,Samsung Xcover 7
354844945853656,Samsung Xcover 7
354844945235888,Samsung Xcover 7
354844945229568,Samsung Xcover 7
354844945230103,Samsung Xcover 7
354844945225681,Samsung Xcover 7
354844945228925,Samsung Xcover 7
354844945225509,Samsung Xcover 7
354844945230772,Samsung Xcover 7
354844945225723,Samsung Xcover 7
354844945232497,Samsung Xcover 7
354844945230731,Samsung Xcover 7
354844945229469,Samsung Xcover 7
354844945232653,Samsung Xcover 7
354844945232000,Samsung Xcover 7
354844945227851,Samsung Xcover 7
354844945226135,Samsung Xcover 7
354844945912254,Samsung Xcover 7
354844945894387,Samsung Xcover 7
354844945246042,Samsung Xcover 7
354844945922287,Samsung Xcover 7
354844945905449,Samsung Xcover 7
354844945226911,Samsung Xcover 7
354844945250945,Samsung Xcover 7
354844945249061,Samsung Xcover 7
354844945223280,Samsung Xcover 7
354844945250911,Samsung Xcover 7
354844945233891,Samsung Xcover 7
354844945246471,Samsung Xcover 7
354844945251513,Samsung Xcover 7
354844945246430,Samsung Xcover 7
354844945245887,Samsung Xcover 7
354844945251125,Samsung Xcover 7
354844945251281,Samsung Xcover 7
354844945223041,Samsung Xcover 7
354844945247966,Samsung Xcover 7
354844945223033,Samsung Xcover 7
354844945251679,Samsung Xcover 7
354844945251802,Samsung Xcover 7
354844945249541,Samsung Xcover 7
354844945246729,Samsung Xcover 7
354844945915836,Samsung Xcover 7
354844945225368,Samsung Xcover 7
354844945227257,Samsung Xcover 7
354844945233461,Samsung Xcover 7
354844945226283,Samsung Xcover 7
354844945231184,Samsung Xcover 7
354844945226986,Samsung Xcover 7
354844945233453,Samsung Xcover 7
354844945231382,Samsung Xcover 7
354844945231218,Samsung Xcover 7
354844945232885,Samsung Xcover 7
354844945230954,Samsung Xcover 7
354844945228990,Samsung Xcover 7
354844945232620,Samsung Xcover 7
354844945230939,Samsung Xcover 7
354844945230913,Samsung Xcover 7
354844945234550,Samsung Xcover 7
354844945226994,Samsung Xcover 7
354844945225657,Samsung Xcover 7
354844945231838,Samsung Xcover 7
354844945230202,Samsung Xcover 7
354844945912965,Samsung Xcover 7
354844945231713,Samsung Xcover 7
354844945917717,Samsung Xcover 7
354844945226465,Samsung Xcover 7
354844945904913,Samsung Xcover 7
354844945235649,Samsung Xcover 7
354844945230210,Samsung Xcover 7
354844945912155,Samsung Xcover 7
354844945912205,Samsung Xcover 7
354844945233701,Samsung Xcover 7
354844945232372,Samsung Xcover 7
354844945228511,Samsung Xcover 7
354844945230343,Samsung Xcover 7
354844945223710,Samsung Xcover 7
354844945228495,Samsung Xcover 7
354844945229857,Samsung Xcover 7
354844945221797,Samsung Xcover 7
354844945228271,Samsung Xcover 7
354844945231051,Samsung Xcover 7
354844945233834,Samsung Xcover 7
354844945222225,Samsung Xcover 7
354844945228438,Samsung Xcover 7
354844945231101,Samsung Xcover 7
354844945225384,Samsung Xcover 7
354844945910514,Samsung Xcover 7
354844945901406,Samsung Xcover 7
354844945899469,Samsung Xcover 7
354844945921669,Samsung Xcover 7
354844945915547,Samsung Xcover 7
354844945919762,Samsung Xcover 7
354844945900325,Samsung Xcover 7
354844945909508,Samsung Xcover 7
354844945911686,Samsung Xcover 7
354844945909540,Samsung Xcover 7
354844945856493,Samsung Xcover 7
354844945917881,Samsung Xcover 7
354844945920273,Samsung Xcover 7
354844945917907,Samsung Xcover 7
354844945926429,Samsung Xcover 7
354844945917956,Samsung Xcover 7
354844945919150,Samsung Xcover 7
354844945917725,Samsung Xcover 7
354844945911694,Samsung Xcover 7
354844945921263,Samsung Xcover 7
354844945926395,Samsung Xcover 7
354844945920232,Samsung Xcover 7
354844945909821,Samsung Xcover 7
354844945917477,Samsung Xcover 7
354844945922873,Samsung Xcover 7
354844945911835,Samsung Xcover 7
354844945909144,Samsung Xcover 7
354844945917568,Samsung Xcover 7
354844945920992,Samsung Xcover 7
354844945915786,Samsung Xcover 7
354844945904988,Samsung Xcover 7
354844945917527,Samsung Xcover 7
354844945917618,Samsung Xcover 7
354844945919234,Samsung Xcover 7
354844945917667,Samsung Xcover 7
354844945921016,Samsung Xcover 7
354844945917626,Samsung Xcover 7
354844941114723,Samsung Xcover 7
354844941113840,Samsung Xcover 7
354844941112982,Samsung Xcover 7
354844941114210,Samsung Xcover 7
354844941113220,Samsung Xcover 7
354844941114988,Samsung Xcover 7
354844941115274,Samsung Xcover 7
354844941113428,Samsung Xcover 7
354844941112917,Samsung Xcover 7
354844941114491,Samsung Xcover 7
354844941113972,Samsung Xcover 7
354844941115639,Samsung Xcover 7
354844941115027,Samsung Xcover 7
354844941113139,Samsung Xcover 7
354844941113394,Samsung Xcover 7
354844941115696,Samsung Xcover 7
354844941113337,Samsung Xcover 7
354844941113170,Samsung Xcover 7
354844941113162,Samsung Xcover 7
354844941114376,Samsung Xcover 7
354844945252677,Samsung Xcover 7
354844945251372,Samsung Xcover 7
354844945255316,Samsung Xcover 7
354844945251380,Samsung Xcover 7
354844945184250,Samsung Xcover 7
354844945258195,Samsung Xcover 7
354844945257759,Samsung Xcover 7
354844945258021,Samsung Xcover 7
354844945254913,Samsung Xcover 7
354844945253030,Samsung Xcover 7
354844945900341,Samsung Xcover 7
354844945905290,Samsung Xcover 7
354844945904517,Samsung Xcover 7
354844945905316,Samsung Xcover 7
354844945904137,Samsung Xcover 7
354844945251562,Samsung Xcover 7
354844945255993,Samsung Xcover 7
354844945251208,Samsung Xcover 7
354844945257346,Samsung Xcover 7
354844945254954,Samsung Xcover 7
354844945906587,Samsung Xcover 7
354844945911124,Samsung Xcover 7
354844945903998,Samsung Xcover 7
354844945906140,Samsung Xcover 7
354844945911785,Samsung Xcover 7
354844945254228,Samsung Xcover 7
354844945253022,Samsung Xcover 7
354844945245796,Samsung Xcover 7
354844945257973,Samsung Xcover 7
354844945251315,Samsung Xcover 7
354844945910720,Samsung Xcover 7
354844945906793,Samsung Xcover 7
354844945230301,Samsung Xcover 7
354844945221920,Samsung Xcover 7
354844945222746,Samsung Xcover 7
354844945233610,Samsung Xcover 7
354844945225954,Samsung Xcover 7
354844945241076,Samsung Xcover 7
354844945230723,Samsung Xcover 7
354844945228073,Samsung Xcover 7
354844945232927,Samsung Xcover 7
354844945245986,Samsung Xcover 7
354844945230871,Samsung Xcover 7
354844945231143,Samsung Xcover 7
354844945231325,Samsung Xcover 7
354844945231317,Samsung Xcover 7
354844945227109,Samsung Xcover 7
354844945917675,Samsung Xcover 7
354844945905332,Samsung Xcover 7
354844945913542,Samsung Xcover 7
354844945229527,Samsung Xcover 7
354844945226887,Samsung Xcover 7
354844945234626,Samsung Xcover 7
354844945229519,Samsung Xcover 7
354844945228115,Samsung Xcover 7
354844945903816,Samsung Xcover 7
354844945921099,Samsung Xcover 7
354844945232398,Samsung Xcover 7
354844945244468,Samsung Xcover 7
354844945230848,Samsung Xcover 7
354844945224056,Samsung Xcover 7
354844945225541,Samsung Xcover 7
354844941115977,Samsung Xcover 7
354844941114228,Samsung Xcover 7
354844946506758,Samsung Xcover 7
354844947187400,Samsung Xcover 7
354844941113881,Samsung Xcover 7
354844946505875,Samsung Xcover 7
354844946503466,Samsung Xcover 7
354844947198167,Samsung Xcover 7
354844947142264,Samsung Xcover 7
354844946505560,Samsung Xcover 7
354844946503730,Samsung Xcover 7
354844947186212,Samsung Xcover 7
354844941114038,Samsung Xcover 7
354844941115597,Samsung Xcover 7
354844941114855,Samsung Xcover 7
354844947200385,Samsung Xcover 7
354844946505180,Samsung Xcover 7
354844946506386,Samsung Xcover 7
354844947133198,Samsung Xcover 7
354844947193473,Samsung Xcover 7
354844947187806,Samsung Xcover 7
354844941115605,Samsung Xcover 7
354844947199181,Samsung Xcover 7
354844947195270,Samsung Xcover 7
354844947199041,Samsung Xcover 7
354844941114053,Samsung Xcover 7
354844947192673,Samsung Xcover 7
354844947192053,Samsung Xcover 7
354844947192046,Samsung Xcover 7
354844947191188,Samsung Xcover 7
354844946504068,Samsung Xcover 7
354844946504290,Samsung Xcover 7
354844947191782,Samsung Xcover 7
354844946506824,Samsung Xcover 7
354844947133024,Samsung Xcover 7
354844946506857,Samsung Xcover 7
354844946503177,Samsung Xcover 7
354844946504092,Samsung Xcover 7
354844947188978,Samsung Xcover 7
354844947195346,Samsung Xcover 7
354844947196336,Samsung Xcover 7
354844947199215,Samsung Xcover 7
354844947200369,Samsung Xcover 7
354844947204833,Samsung Xcover 7
354844947198811,Samsung Xcover 7
354844947198282,Samsung Xcover 7
354844947203918,Samsung Xcover 7
354844947199231,Samsung Xcover 7
354844947196237,Samsung Xcover 7
354844947198779,Samsung Xcover 7
354844947205400,Samsung Xcover 7
354844947196849,Samsung Xcover 7
354844947198928,Samsung Xcover 7
354844947205061,Samsung Xcover 7
354844947138023,Samsung Xcover 7
354844947185800,Samsung Xcover 7
354844947198894,Samsung Xcover 7
354844947131127,Samsung Xcover 7
354844947132406,Samsung Xcover 7
354844947186923,Samsung Xcover 7
354844947199769,Samsung Xcover 7
354844947200146,Samsung Xcover 7
354844947197078,Samsung Xcover 7
354844947199934,Samsung Xcover 7
354844947199991,Samsung Xcover 7
354844947186915,Samsung Xcover 7
354844947185990,Samsung Xcover 7
354844947187574,Samsung Xcover 7
354844947146067,Samsung Xcover 7
354844947186006,Samsung Xcover 7
354844947137850,Samsung Xcover 7
354844947187285,Samsung Xcover 7
354844947131952,Samsung Xcover 7
354844947185719,Samsung Xcover 7
354844947186980,Samsung Xcover 7
354844947198936,Samsung Xcover 7
354844947134873,Samsung Xcover 7
354844947197946,Samsung Xcover 7
354844947197896,Samsung Xcover 7
354844947200138,Samsung Xcover 7
354844947198845,Samsung Xcover 7
354844947203751,Samsung Xcover 7
354844947196203,Samsung Xcover 7
354844947197326,Samsung Xcover 7
354844947200492,Samsung Xcover 7
354844947197060,Samsung Xcover 7
354844947197938,Samsung Xcover 7
354844947200823,Samsung Xcover 7
354844947199454,Samsung Xcover 7
354844947201037,Samsung Xcover 7
354844947132869,Samsung Xcover 7
354844947186659,Samsung Xcover 7
354844947137355,Samsung Xcover 7
354844947137629,Samsung Xcover 7
354844947187152,Samsung Xcover 7
354844947186337,Samsung Xcover 7
354844947187244,Samsung Xcover 7
354844947187426,Samsung Xcover 7
354844947137751,Samsung Xcover 7
354844947187293,Samsung Xcover 7
354844947187103,Samsung Xcover 7
354844947185933,Samsung Xcover 7
354844947194448,Samsung Xcover 7
354844947187350,Samsung Xcover 7
354844947137512,Samsung Xcover 7
354844947143486,Samsung Xcover 7
354844947185412,Samsung Xcover 7
354844947134626,Samsung Xcover 7
354844946503201,Samsung Xcover 7
354844947133693,Samsung Xcover 7
354844946506113,Samsung Xcover 7
354844947195247,Samsung Xcover 7
354844946507152,Samsung Xcover 7
354844947186097,Samsung Xcover 7
354844946505420,Samsung Xcover 7
354844946504415,Samsung Xcover 7
354844947194737,Samsung Xcover 7
354844946507046,Samsung Xcover 7
354844947200294,Samsung Xcover 7
354844947200120,Samsung Xcover 7
354844947205327,Samsung Xcover 7
354844947200104,Samsung Xcover 7
354844947186758,Samsung Xcover 7
354844947199736,Samsung Xcover 7
354844947198233,Samsung Xcover 7
354844947199728,Samsung Xcover 7
354844947198100,Samsung Xcover 7
354844947199322,Samsung Xcover 7
354844947190412,Samsung Xcover 7
354844947203074,Samsung Xcover 7
354844947203454,Samsung Xcover 7
354844947198183,Samsung Xcover 7
354844947194257,Samsung Xcover 7
354844947198506,Samsung Xcover 7
354844947203611,Samsung Xcover 7
354844947197235,Samsung Xcover 7
354844947186279,Samsung Xcover 7
354844947204163,Samsung Xcover 7
354844947135177,Samsung Xcover 7
354844947196070,Samsung Xcover 7
354844947132950,Samsung Xcover 7
354844947137033,Samsung Xcover 7
354844947195528,Samsung Xcover 7
354844947133289,Samsung Xcover 7
354844947187301,Samsung Xcover 7
354844947203694,Samsung Xcover 7
354844947202399,Samsung Xcover 7
354844947198985,Samsung Xcover 7
354844947196187,Samsung Xcover 7
354844947203959,Samsung Xcover 7
354844947133602,Samsung Xcover 7
354844947197383,Samsung Xcover 7
354844947186774,Samsung Xcover 7
354844947195833,Samsung Xcover 7
354844947136837,Samsung Xcover 7
354844947199421,Samsung Xcover 7
354844947200732,Samsung Xcover 7
354844947200401,Samsung Xcover 7
354844947198241,Samsung Xcover 7
354844947199629,Samsung Xcover 7
354844947196930,Samsung Xcover 7
354844947200518,Samsung Xcover 7
354844947199579,Samsung Xcover 7
354844947198431,Samsung Xcover 7
354844947188523,Samsung Xcover 7
354844941115142,Samsung Xcover 7
354844941114103,Samsung Xcover 7
354844947185602,Samsung Xcover 7
354844947186014,Samsung Xcover 7
354844947199983,Samsung Xcover 7
354844947203793,Samsung Xcover 7
354844947200153,Samsung Xcover 7
354844947131796,Samsung Xcover 7
354844947132018,Samsung Xcover 7
354844947196492,Samsung Xcover 7
354844947195478,Samsung Xcover 7
354844941113097,Samsung Xcover 7
354844947135482,Samsung Xcover 7
354844941114764,Samsung Xcover 7
354844947000553,Samsung Xcover 7
354844947196229,Samsung Xcover 7
354844947194422,Samsung Xcover 7
354844947195668,Samsung Xcover 7
354844947205277,Samsung Xcover 7
354844947195510,Samsung Xcover 7
354844947198399,Samsung Xcover 7
354844947195494,Samsung Xcover 7
354844947204783,Samsung Xcover 7
354844947194323,Samsung Xcover 7
354844947197110,Samsung Xcover 7
354844941112958,Samsung Xcover 7
354844947204882,Samsung Xcover 7
354844947137140,Samsung Xcover 7
354844947195544,Samsung Xcover 7
354844947131663,Samsung Xcover 7
354844947200278,Samsung Xcover 7
354844947131242,Samsung Xcover 7
354844947132349,Samsung Xcover 7
354844947200443,Samsung Xcover 7
354844947147776,Samsung Xcover 7
354844947133479,Samsung Xcover 7
354844947143296,Samsung Xcover 7
354844947205319,Samsung Xcover 7
354844947131986,Samsung Xcover 7
354844947186907,Samsung Xcover 7
354844947135193,Samsung Xcover 7
354844946506444,Samsung Xcover 7
354844947131630,Samsung Xcover 7
354844946504001,Samsung Xcover 7
354844947201755,Samsung Xcover 7
354844947135953,Samsung Xcover 7
354844947130921,Samsung Xcover 7
354844947194281,Samsung Xcover 7
354844947138213,Samsung Xcover 7
354844947186204,Samsung Xcover 7
354844947132091,Samsung Xcover 7
354844947133834,Samsung Xcover 7
354844947200021,Samsung Xcover 7
354844947186469,Samsung Xcover 7
354844947196757,Samsung Xcover 7
354844947204114,Samsung Xcover 7
354844947194513,Samsung Xcover 7
354844947196153,Samsung Xcover 7
354844947186576,Samsung Xcover 7
354844947131119,Samsung Xcover 7
354844947186162,Samsung Xcover 7
354844947185677,Samsung Xcover 7
354844947194240,Samsung Xcover 7
354844947143445,Samsung Xcover 7
354844947135664,Samsung Xcover 7
354844947134246,Samsung Xcover 7
354844947195312,Samsung Xcover 7
354844947137793,Samsung Xcover 7
354844947186568,Samsung Xcover 7
354844947137546,Samsung Xcover 7
354844947137009,Samsung Xcover 7
354844947186550,Samsung Xcover 7
354844947194414,Samsung Xcover 7
354844947131598,Samsung Xcover 7
354844947137801,Samsung Xcover 7
354844947133123,Samsung Xcover 7
354844947186188,Samsung Xcover 7
354844947185453,Samsung Xcover 7
354844947185594,Samsung Xcover 7
354844947186626,Samsung Xcover 7
354844947186667,Samsung Xcover 7
354844947131101,Samsung Xcover 7
354844947134105,Samsung Xcover 7
354844947185529,Samsung Xcover 7
354844947136712,Samsung Xcover 7
354844947202332,Samsung Xcover 7
354844947193515,Samsung Xcover 7
354844947198654,Samsung Xcover 7
354844947195031,Samsung Xcover 7
354844947199249,Samsung Xcover 7
354844947136829,Samsung Xcover 7
354844947195460,Samsung Xcover 7
354844947200724,Samsung Xcover 7
354844947132646,Samsung Xcover 7
354844947197037,Samsung Xcover 7
354844947198530,Samsung Xcover 7
354844947204395,Samsung Xcover 7
354844947195577,Samsung Xcover 7
354844947198720,Samsung Xcover 7
354844947186022,Samsung Xcover 7
354844947194992,Samsung Xcover 7
354844947134634,Samsung Xcover 7
354844947202928,Samsung Xcover 7
354844947204817,Samsung Xcover 7
354844947133057,Samsung Xcover 7
354844947137470,Samsung Xcover 7
354844947196781,Samsung Xcover 7
354844947136845,Samsung Xcover 7
354844947195288,Samsung Xcover 7
354844947193820,Samsung Xcover 7
354844947198092,Samsung Xcover 7
354844947203553,Samsung Xcover 7
354844947194471,Samsung Xcover 7
354844947194455,Samsung Xcover 7
354844947199777,Samsung Xcover 7
354844947134097,Samsung Xcover 7
354844947198514,Samsung Xcover 7
354844947195320,Samsung Xcover 7
354844947195809,Samsung Xcover 7
354844947136860,Samsung Xcover 7
354844947204262,Samsung Xcover 7
354844947144500,Samsung Xcover 7
354844947194372,Samsung Xcover 7
354844947194638,Samsung Xcover 7
354844947138049,Samsung Xcover 7
354844947118504,Samsung Xcover 7
354844947186618,Samsung Xcover 7
354844947135276,Samsung Xcover 7
354844947194307,Samsung Xcover 7
354844947190677,Samsung Xcover 7
354844947201425,Samsung Xcover 7
354844947196260,Samsung Xcover 7
354844947194497,Samsung Xcover 7
354844947195502,Samsung Xcover 7
354844947203371,Samsung Xcover 7
354844947196039,Samsung Xcover 7
354844947204403,Samsung Xcover 7
354844947131481,Samsung Xcover 7
354844947137660,Samsung Xcover 7
354844947133453,Samsung Xcover 7
354844947186782,Samsung Xcover 7
354844947199710,Samsung Xcover 7
354844947142280,Samsung Xcover 7
354844947136506,Samsung Xcover 7
354844947195486,Samsung Xcover 7
354844947201532,Samsung Xcover 7
354844947201896,Samsung Xcover 7
354844947205236,Samsung Xcover 7
354844947195023,Samsung Xcover 7
354844947196666,Samsung Xcover 7
354844947135524,Samsung Xcover 7
354844947131358,Samsung Xcover 7
354844941113287,Samsung Xcover 7
354844947204353,Samsung Xcover 7
354844947195106,Samsung Xcover 7
354844947204346,Samsung Xcover 7
354844947135565,Samsung Xcover 7
354844941113436,Samsung Xcover 7
354844947187160,Samsung Xcover 7
354844947132943,Samsung Xcover 7
354844946506428,Samsung Xcover 7
354844947131622,Samsung Xcover 7
354844947186956,Samsung Xcover 7
354844947197011,Samsung Xcover 7
354844947137181,Samsung Xcover 7
354844947199512,Samsung Xcover 7
354844946506063,Samsung Xcover 7
354844941113378,Samsung Xcover 7
354844941115530,Samsung Xcover 7
354844947132638,Samsung Xcover 7
354844947188127,Samsung Xcover 7
354844947131416,Samsung Xcover 7
354844941115613,Samsung Xcover 7
354844941114715,Samsung Xcover 7
354844947131580,Samsung Xcover 7
354844947187251,Samsung Xcover 7
354844947137421,Samsung Xcover 7
354844941114897,Samsung Xcover 7
354844947197441,Samsung Xcover 7
354844947198027,Samsung Xcover 7
354844947135409,Samsung Xcover 7
354844947203108,Samsung Xcover 7
354844947194596,Samsung Xcover 7
354844947198670,Samsung Xcover 7
354844947199306,Samsung Xcover 7
354844947198449,Samsung Xcover 7
354844947202407,Samsung Xcover 7
354844947131937,Samsung Xcover 7
354844947117118,Samsung Xcover 7
354844947188119,Samsung Xcover 7
354844947146687,Samsung Xcover 7
354844947140698,Samsung Xcover 7
354844947132315,Samsung Xcover 7
354844947137918,Samsung Xcover 7
354844947185818,Samsung Xcover 7
354844947186048,Samsung Xcover 7
354844947187269,Samsung Xcover 7
354844947196088,Samsung Xcover 7
354844947197185,Samsung Xcover 7
354844947136423,Samsung Xcover 7
354844947197144,Samsung Xcover 7
354844947185768,Samsung Xcover 7
354844946503383,Samsung Xcover 7
354844947132372,Samsung Xcover 7
354844946504340,Samsung Xcover 7
354844946505743,Samsung Xcover 7
354844947185909,Samsung Xcover 7
354844947186220,Samsung Xcover 7
354844947187186,Samsung Xcover 7
354844947203264,Samsung Xcover 7
354844947199520,Samsung Xcover 7
354844946504308,Samsung Xcover 7
354844947187764,Samsung Xcover 7
354844946506451,Samsung Xcover 7
354844947133578,Samsung Xcover 7
354844947131044,Samsung Xcover 7
354844947185784,Samsung Xcover 7
354844947135433,Samsung Xcover 7
354844947205301,Samsung Xcover 7
354844947198589,Samsung Xcover 7
354844947193465,Samsung Xcover 7
354844947187913,Samsung Xcover 7
354844947136431,Samsung Xcover 7
354844947203868,Samsung Xcover 7
354844947194232,Samsung Xcover 7
354844947193408,Samsung Xcover 7
354844947194695,Samsung Xcover 7
354844947135425,Samsung Xcover 7
354844947194406,Samsung Xcover 7
354844947198597,Samsung Xcover 7
354844947201862,Samsung Xcover 7
354844947196005,Samsung Xcover 7
354844947132257,Samsung Xcover 7
354844947137504,Samsung Xcover 7
354844947141753,Samsung Xcover 7
354844947132927,Samsung Xcover 7
354844947132919,Samsung Xcover 7
354844947186543,Samsung Xcover 7
354844947130970,Samsung Xcover 7
354844947195569,Samsung Xcover 7
354844947193721,Samsung Xcover 7
354844947192855,Samsung Xcover 7
354844947197912,Samsung Xcover 7
354844947188036,Samsung Xcover 7
354844947196518,Samsung Xcover 7
354844947199108,Samsung Xcover 7
354844947198621,Samsung Xcover 7
354844947133412,Samsung Xcover 7
354844947136977,Samsung Xcover 7
354844947196252,Samsung Xcover 7
354844947199645,Samsung Xcover 7
354844947200351,Samsung Xcover 7
354844947194943,Samsung Xcover 7
354844947199918,Samsung Xcover 7
354844947204700,Samsung Xcover 7
354844947196245,Samsung Xcover 7
354844947193341,Samsung Xcover 7
354844947194521,Samsung Xcover 7
354844947199025,Samsung Xcover 7
354844947194877,Samsung Xcover 7
354844947190396,Samsung Xcover 7
354844947198738,Samsung Xcover 7
354844947198373,Samsung Xcover 7
354844947196062,Samsung Xcover 7
354844947134659,Samsung Xcover 7
354844947133925,Samsung Xcover 7
354844947131648,Samsung Xcover 7
354844947187087,Samsung Xcover 7
354844947137306,Samsung Xcover 7
354844947149574,Samsung Xcover 7
354844947134642,Samsung Xcover 7
354844947136704,Samsung Xcover 7
354844947137652,Samsung Xcover 7
354844947142033,Samsung Xcover 7
354844947187210,Samsung Xcover 7
354844947186972,Samsung Xcover 7
354844947186089,Samsung Xcover 7
354844947203124,Samsung Xcover 7
354844947191600,Samsung Xcover 7
353632423318669,Samsung A56
353632423316473,Samsung A56
353632423349763,Samsung A56
353632423317034,Samsung A56
353632423316986,Samsung A56
353632423344210,Samsung A56
353632423318784,Samsung A56
353632423321382,Samsung A56
353632423340424,Samsung A56
353632423337198,Samsung A56
353632423349805,Samsung A56
353632423341182,Samsung A56
353632423317000,Samsung A56
353632423341224,Samsung A56
353632423321184,Samsung A56
353632423318495,Samsung A56
353632423348237,Samsung A56
353632423341067,Samsung A56
353632423348260,Samsung A56
353632423340465,Samsung A56
353632423299471,Samsung A56
353632423340416,Samsung A56
353632423341141,Samsung A56
353632423348245,Samsung A56
353632423341216,Samsung A56
353632423340358,Samsung A56
353632423341059,Samsung A56
353632423337446,Samsung A56
353632423341208,Samsung A56
353632423340432,Samsung A56
353632423340341,Samsung A56
353632423319360,Samsung A56
353632423264996,Samsung A56
353632423339285,Samsung A56
353632423359622,Samsung A56
353632423255630,Samsung A56
353632423338618,Samsung A56
353632423359341,Samsung A56
353632423299117,Samsung A56
353632423363137,Samsung A56
353632423316358,Samsung A56
353632423363715,Samsung A56
353632423318628,Samsung A56
353632423318560,Samsung A56
353632423361073,Samsung A56
353632423337610,Samsung A56
353632423265357,Samsung A56
353632423339194,Samsung A56
353632423337586,Samsung A56
353632423337602,Samsung A56
353632423265480,Samsung A56
353632423339152,Samsung A56
353632423339228,Samsung A56
353632423265514,Samsung A56
353632423339277,Samsung A56
353632423316739,Samsung A56
353632423316184,Samsung A56
353632423321531,Samsung A56
353632423361065,Samsung A56
353632423318396,Samsung A56
353632423319121,Samsung A56
353632423318537,Samsung A56
353632423318644,Samsung A56
353632423337495,Samsung A56
353632423318388,Samsung A56
353632423321234,Samsung A56
353632423316119,Samsung A56
353632423316531,Samsung A56
353632423318453,Samsung A56
353632423318180,Samsung A56
353632423288300,Samsung A56
353632423359184,Samsung A56
353632423297228,Samsung A56
353632423305468,Samsung A56
353632423362758,Samsung A56
353632423305716,Samsung A56
353632423362873,Samsung A56
353632423305641,Samsung A56
353632423355638,Samsung A56
353632423359598,Samsung A56
353632423359226,Samsung A56
353632423359374,Samsung A56
353632423359192,Samsung A56
353632423359150,Samsung A56
353632423359309,Samsung A56
353632423359390,Samsung A56
353632423360760,Samsung A56
353632423359697,Samsung A56
353632423359259,Samsung A56
353632423355844,Samsung A56
353632423360521,Samsung A56
353632423357162,Samsung A56
353632423359606,Samsung A56
353632423359465,Samsung A56
353632423359499,Samsung A56
353632423302291,Samsung A56
353632423265522,Samsung A56
353632423357311,Samsung A56
353632423337636,Samsung A56
353632423363228,Samsung A56
353632423359705,Samsung A56
353632423338600,Samsung A56
353632423359671,Samsung A56
353632423305351,Samsung A56
353632423299133,Samsung A56
353632423362980,Samsung A56
353632423299265,Samsung A56
353632423330078,Samsung A56
353632423360711,Samsung A56
353632423355430,Samsung A56
353632423330672,Samsung A56
353632423304271,Samsung A56
353632423360729,Samsung A56
353632423360745,Samsung A56
353632423360737,Samsung A56
353632423359895,Samsung A56
353632423360687,Samsung A56
353632423360661,Samsung A56
353632423360059,Samsung A56
353632423337537,Samsung A56
353632423340937,Samsung A56
353632423340861,Samsung A56
353632423340572,Samsung A56
353632423340663,Samsung A56
353632423337461,Samsung A56
353632423340408,Samsung A56
353632423337487,Samsung A56
353632423337420,Samsung A56
353632423337180,Samsung A56
353632423312852,Samsung A56
353632423337479,Samsung A56
353632423337388,Samsung A56
353632423337529,Samsung A56
353632423337511,Samsung A56
353632423340903,Samsung A56
353632423340598,Samsung A56
353632423337453,Samsung A56
353632423337438,Samsung A56
353632423361032,Samsung A56
353632423318610,Samsung A56
353632423359580,Samsung A56
353632423344178,Samsung A56
353632423330748,Samsung A56
353632423316721,Samsung A56
353632423360794,Samsung A56
353632423359614,Samsung A56
353632423362808,Samsung A56
353632423268591,Samsung A56
353632423320921,Samsung A56
353632423337008,Samsung A56
353632423268625,Samsung A56
353632423268674,Samsung A56
353632423336570,Samsung A56
353632423336547,Samsung A56
353632423335366,Samsung A56
353632423320970,Samsung A56
353632423336562,Samsung A56
353632423336653,Samsung A56
353632423335390,Samsung A56
353632423336505,Samsung A56
353632423336687,Samsung A56
353632423336695,Samsung A56
353632423357378,Samsung A56
353632423360679,Samsung A56
353632423330136,Samsung A56
353632423330565,Samsung A56
353632423355380,Samsung A56
353632423336927,Samsung A56
353632423330706,Samsung A56
353632423325136,Samsung A56
353632423360778,Samsung A56
353632423330219,Samsung A56
353632423291692,Samsung A56
353632423323875,Samsung A56
353632423326720,Samsung A56
353632423260713,Samsung A56
353632423272015,Samsung A56
353632423274326,Samsung A56
353632423272585,Samsung A56
353632423268609,Samsung A56
353632423260572,Samsung A56
353632423326829,Samsung A56
353632423272155,Samsung A56
353632423325599,Samsung A56
353632423268583,Samsung A56
353632423297665,Samsung A56
353632423265498,Samsung A56
353632423272254,Samsung A56
353632423274250,Samsung A56
353632423278020,Samsung A56
353632423260739,Samsung A56
353632423328163,Samsung A56
353632423341117,Samsung A56
353632423313306,Samsung A56
353632423340515,Samsung A56
353632423303604,Samsung A56
353632423340895,Samsung A56
353632423340887,Samsung A56
353632423306268,Samsung A56
353632423340770,Samsung A56
353632423311565,Samsung A56
353632423340721,Samsung A56
353632423303547,Samsung A56
353632423306300,Samsung A56
353632423340697,Samsung A56
353632423302101,Samsung A56
353632423335481,Samsung A56
353632423357410,Samsung A56
353632423255473,Samsung A56
353632423272106,Samsung A56
353632423348419,Samsung A56
353632423330912,Samsung A56
353632423320418,Samsung A56
353632423331001,Samsung A56
353632423359432,Samsung A56
353632423331092,Samsung A56
353632423337024,Samsung A56
353632423330607,Samsung A56
353632423331050,Samsung A56
353632423306409,Samsung A56
353632423331027,Samsung A56
353632423336661,Samsung A56
353632423336588,Samsung A56
353632423335358,Samsung A56
353632423336729,Samsung A56
353632423336745,Samsung A56
353632423268468,Samsung A56
353632423299687,Samsung A56
353632423324188,Samsung A56
353632423268633,Samsung A56
353632423330896,Samsung A56
353632423260580,Samsung A56
353632423330854,Samsung A56
353632423331118,Samsung A56
353632423314528,Samsung A56
353632423306425,Samsung A56
353632423334344,Samsung A56
353632423330797,Samsung A56
353632423330946,Samsung A56
353632423341042,Samsung A56
353632423323917,Samsung A56
353632423323974,Samsung A56
353632423363236,Samsung A56
353632423324071,Samsung A56
353632423336034,Samsung A56
353632423323735,Samsung A56
353632423336992,Samsung A56
353632423334666,Samsung A56
353632423337370,Samsung A56
353632423313025,Samsung A56
353632423336893,Samsung A56
353632423335705,Samsung A56
353632423340689,Samsung A56
353632423336638,Samsung A56
353632423336851,Samsung A56
353632423271884,Samsung A56
353632423300840,Samsung A56
353632423266876,Samsung A56
353632423300311,Samsung A56
353632423323909,Samsung A56
353632423300402,Samsung A56
353632423291536,Samsung A56
353632423268476,Samsung A56
353632423267056,Samsung A56
353632423338527,Samsung A56
353632423338485,Samsung A56
353632423336885,Samsung A56
353632423336711,Samsung A56
353632423338592,Samsung A56
353632423341299,Samsung A56
353632423335549,Samsung A56
353632423294597,Samsung A56
353632423294548,Samsung A56
353632423337651,Samsung A56
353632423338576,Samsung A56
353632423294456,Samsung A56
353632423338444,Samsung A56
353632423294472,Samsung A56
353632423337685,Samsung A56
353632423255168,Samsung A56
353632423339319,Samsung A56
353632423305120,Samsung A56
353632423339129,Samsung A56
353632423287682,Samsung A56
353632423337792,Samsung A56
353632423338543,Samsung A56
353632423287625,Samsung A56
353632423291726,Samsung A56
353632423337743,Samsung A56
353632423254963,Samsung A56
353632423255044,Samsung A56
353632423305807,Samsung A56
353632423310013,Samsung A56
353632423337693,Samsung A56
353632423339103,Samsung A56
353632423311482,Samsung A56
353632423311607,Samsung A56
353632423339111,Samsung A56
353632423341190,Samsung A56
353632423305526,Samsung A56
353632423319907,Samsung A56
353632423306342,Samsung A56
353632423311656,Samsung A56
353632423340796,Samsung A56
353632423278145,Samsung A56
353632423305302,Samsung A56
353632423302309,Samsung A56
353632423335457,Samsung A56
353632423335135,Samsung A56
353632423335630,Samsung A56
353632423335572,Samsung A56
353632423311524,Samsung A56
353632423305211,Samsung A56
353632423311508,Samsung A56
353632423335598,Samsung A56
353632423343089,Samsung A56
353632423323594,Samsung A56
353632423335275,Samsung A56
353632423335382,Samsung A56
353632423330086,Samsung A56
353632423324857,Samsung A56
353632423360216,Samsung A56
353632423360430,Samsung A56
353632423360398,Samsung A56
353632423360448,Samsung A56
353632423323826,Samsung A56
353632423360315,Samsung A56
353632423330466,Samsung A56
353632423360372,Samsung A56
353632423324865,Samsung A56
353632423330581,Samsung A56
353632423324907,Samsung A56
353632423360349,Samsung A56
353632423359929,Samsung A56
353632423341703,Samsung A56
353632423305013,Samsung A56
353632423337826,Samsung A56
353632423341687,Samsung A56
353632423305047,Samsung A56
353632423339186,Samsung A56
353632423338998,Samsung A56
353632423338089,Samsung A56
353632423337990,Samsung A56
353632423341729,Samsung A56
353632423338170,Samsung A56
353632423341588,Samsung A56
353632423265530,Samsung A56
353632423338121,Samsung A56
353632423264863,Samsung A56
353632423323792,Samsung A56
353632423313108,Samsung A56
353632423324030,Samsung A56
353632423324055,Samsung A56
353632423323776,Samsung A56
353632423313223,Samsung A56
353632423323651,Samsung A56
353632423334393,Samsung A56
353632423340978,Samsung A56
353632423341026,Samsung A56
353632423323933,Samsung A56
353632423324048,Samsung A56
353632423336059,Samsung A56
353632423323693,Samsung A56
353632423324154,Samsung A56
353632423334740,Samsung A56
353632423335986,Samsung A56
353632423338923,Samsung A56
353632423334609,Samsung A56
353632423334476,Samsung A56
353632423334641,Samsung A56
353632423305682,Samsung A56
353632423334443,Samsung A56
353632423335036,Samsung A56
353632423341307,Samsung A56
353632423278160,Samsung A56
353632423336455,Samsung A56
353632423334708,Samsung A56
353632423278046,Samsung A56
353632423337214,Samsung A56
353632423334419,Samsung A56
353632423336935,Samsung A56
353632423340747,Samsung A56
353632423335408,Samsung A56
353632423323818,Samsung A56
353632423330128,Samsung A56
353632423330458,Samsung A56
353632423360620,Samsung A56
353632423331100,Samsung A56
353632423330193,Samsung A56
353632423355679,Samsung A56
353632423299190,Samsung A56
353632423360646,Samsung A56
353632423330516,Samsung A56
353632423301905,Samsung A56
353632423362907,Samsung A56
353632423330094,Samsung A56
353632423330805,Samsung A56
353632423312878,Samsung A56
353632423321572,Samsung A56
353632423319030,Samsung A56
353632423316432,Samsung A56
353632423361099,Samsung A56
353632423348252,Samsung A56
353632423335374,Samsung A56
353632423316762,Samsung A56
353632423361057,Samsung A56
353632423317075,Samsung A56
353632423312860,Samsung A56
353632423337347,Samsung A56
353632423361149,Samsung A56
353632423321226,Samsung A56
353632423340739,Samsung A56
353632423323941,Samsung A56
353632423324105,Samsung A56
353632423326522,Samsung A56
353632423323834,Samsung A56
353632423334799,Samsung A56
353632423338832,Samsung A56
353632423325664,Samsung A56
353632423334781,Samsung A56
353632423324162,Samsung A56
353632423272130,Samsung A56
353632423326217,Samsung A56
353632423278244,Samsung A56
353632423272502,Samsung A56
353632423278228,Samsung A56
353632423274144,Samsung A56
353632423360133,Samsung A56
353632423360281,Samsung A56
353632423360331,Samsung A56
353632423360323,Samsung A56
353632423360299,Samsung A56
353632423360109,Samsung A56
353632423324956,Samsung A56
353632423324402,Samsung A56
353632423360265,Samsung A56
353632423324816,Samsung A56
353632423334807,Samsung A56
353632423324014,Samsung A56
353632423324261,Samsung A56
353632423278053,Samsung A56
353632423272239,Samsung A56
353632423336067,Samsung A56
353632423335200,Samsung A56
353632423336000,Samsung A56
353632423335788,Samsung A56
353632423335978,Samsung A56
353632423337230,Samsung A56
353632423335804,Samsung A56
353632423335242,Samsung A56
353632423323719,Samsung A56
353632423305278,Samsung A56
353632423341174,Samsung A56
353632423335887,Samsung A56
353632423335663,Samsung A56
353632423302259,Samsung A56
353632423335267,Samsung A56
353632423330235,Samsung A56
353632423299786,Samsung A56
353632423319436,Samsung A56
353632423268831,Samsung A56
353632423360893,Samsung A56
353632423361701,Samsung A56
353632423270324,Samsung A56
353632423286999,Samsung A56
353632423361768,Samsung A56
353632423319550,Samsung A56
353632423360406,Samsung A56
353632423360554,Samsung A56
353632423361644,Samsung A56
353632423360364,Samsung A56
353632423360570,Samsung A56
353632423360414,Samsung A56
353632423324691,Samsung A56
353632423360208,Samsung A56
353632423330540,Samsung A56
353632423359788,Samsung A56
353632423360471,Samsung A56
353632423360539,Samsung A56
353632423360612,Samsung A56
353632423359804,Samsung A56
353632423360174,Samsung A56
353632423313215,Samsung A56
353632423360497,Samsung A56
353632423360166,Samsung A56
353632423360091,Samsung A56
353632423360422,Samsung A56
353632423360505,Samsung A56
353632423360455,Samsung A56
353632423360513,Samsung A56
353632423360596,Samsung A56
353632423360083,Samsung A56
353632423360638,Samsung A56
353632423330763,Samsung A56
353632423330904,Samsung A56
353632423330730,Samsung A56
353632423330771,Samsung A56
353632423295917,Samsung A56
353632423296279,Samsung A56
353632423330847,Samsung A56
353632423295552,Samsung A56
353632423320038,Samsung A56
353632423270720,Samsung A56
353632423270712,Samsung A56
353632423270332,Samsung A56
353632423268757,Samsung A56
353632423319899,Samsung A56
353632423268716,Samsung A56
353632423270753,Samsung A56
353632423268898,Samsung A56
353632423319956,Samsung A56
353632423306821,Samsung A56
353632423271082,Samsung A56
353632423306599,Samsung A56
353632423305096,Samsung A56
353632423314312,Samsung A56
353632423304354,Samsung A56
353632423265217,Samsung A56
353632423273179,Samsung A56
353632423306151,Samsung A56
353632423303737,Samsung A56
353632423331035,Samsung A56
353632423355471,Samsung A56
353632423319329,Samsung A56
353632423306391,Samsung A56
353632423355570,Samsung A56
353632423319386,Samsung A56
353632423319618,Samsung A56
353632423305385,Samsung A56
353632423320582,Samsung A56
353632423355448,Samsung A56
353632423355596,Samsung A56
353632423271488,Samsung A56
353632423295644,Samsung A56
353632423295990,Samsung A56
353632423314031,Samsung A56
353632423363343,Samsung A56
353632423363327,Samsung A56
353632423309577,Samsung A56
353632423309270,Samsung A56
353632423363277,Samsung A56
353632423296105,Samsung A56
353632423295933,Samsung A56
353632423295974,Samsung A56
353632423295701,Samsung A56
353632423296063,Samsung A56
353632423295545,Samsung A56
353632423363335,Samsung A56
353632423357154,Samsung A56
353632423295651,Samsung A56
353632423295594,Samsung A56
353632423362790,Samsung A56
353632423295537,Samsung A56
353632423295958,Samsung A56
353632423296014,Samsung A56
353632423323685,Samsung A56
353632423324022,Samsung A56
353632423313165,Samsung A56
353632423323842,Samsung A56
353632423302267,Samsung A56
353632423312985,Samsung A56
353632423313074,Samsung A56
353632423313041,Samsung A56
353632423323982,Samsung A56
353632423335895,Samsung A56
353632423335754,Samsung A56
353632423335820,Samsung A56
353632423312977,Samsung A56
353632423323628,Samsung A56
353632423335432,Samsung A56
353632423296360,Samsung A56
353632423296972,Samsung A56
353632423296717,Samsung A56
353632423355802,Samsung A56
353632423271827,Samsung A56
353632423271835,Samsung A56
353632423362915,Samsung A56
353632423299166,Samsung A56
353632423296550,Samsung A56
353632423296576,Samsung A56
353632423323925,Samsung A56
353632423313140,Samsung A56
353632423323800,Samsung A56
353632423335762,Samsung A56
353632423324089,Samsung A56
353632423321135,Samsung A56
353632423337081,Samsung A56
353632423337099,Samsung A56
353632423320962,Samsung A56
353632423337131,Samsung A56
353632423296725,Samsung A56
353632423363053,Samsung A56
353632423362832,Samsung A56
353632423296089,Samsung A56
353632423362899,Samsung A56
353632423296584,Samsung A56
353632423296527,Samsung A56
353632423296436,Samsung A56
353632423295867,Samsung A56
353632423297178,Samsung A56
353632423320939,Samsung A56
353632423336281,Samsung A56
353632423320947,Samsung A56
353632423336984,Samsung A56
353632423336299,Samsung A56
353632423337123,Samsung A56
353632423337065,Samsung A56
353632423337073,Samsung A56
353632423320905,Samsung A56
353632423336166,Samsung A56
353632423337115,Samsung A56
353632423337172,Samsung A56
353632423320954,Samsung A56
353632423337107,Samsung A56
353632423336273,Samsung A56
353632423359317,Samsung A56
353632423296204,Samsung A56
353632423363152,Samsung A56
353632423363087,Samsung A56
353632423359333,Samsung A56
353632423271850,Samsung A56
353632423355745,Samsung A56
353632423296394,Samsung A56
353632423296378,Samsung A56
353632423359283,Samsung A56
353632423295776,Samsung A56
353632423296295,Samsung A56
353632423363160,Samsung A56
353632423330979,Samsung A56
353632423363202,Samsung A56
353632423295693,Samsung A56
353632423357212,Samsung A56
353632423359267,Samsung A56
353632423363178,Samsung A56
353632423362964,Samsung A56
353632423359564,Samsung A56
353632423360802,Samsung A56
353632423359549,Samsung A56
353632423271777,Samsung A56
353632423357253,Samsung A56
353632423363061,Samsung A56
353632423363103,Samsung A56
353632423362972,Samsung A56
353632423363004,Samsung A56
353632423357360,Samsung A56
353632423357402,Samsung A56
353632423359523,Samsung A56
353632423357287,Samsung A56
353632423357337,Samsung A56
353632423346405,Samsung A56
353632423416109,Samsung A56
353632423273906,Samsung A56
353632423269581,Samsung A56
353632423423139,Samsung A56
353632423416042,Samsung A56
353632423426843,Samsung A56
353632423268393,Samsung A56
353632423328015,Samsung A56
353632423415937,Samsung A56
353632423415895,Samsung A56
353632423410540,Samsung A56
353632423297467,Samsung A56
353632423410706,Samsung A56
353632423427577,Samsung A56
353632423426918,Samsung A56
353632423416166,Samsung A56
353632423410573,Samsung A56
353632423428971,Samsung A56
353632423415838,Samsung A56
353632423411019,Samsung A56
353632423416133,Samsung A56
353632423417289,Samsung A56
353632423423394,Samsung A56
353632423327629,Samsung A56
353632423270746,Samsung A56
353632423410821,Samsung A56
353632423270431,Samsung A56
353632423269086,Samsung A56
353632423361297,Samsung A56
353632423297095,Samsung A56
353632423293011,Samsung A56
353632423327694,Samsung A56
353632423300303,Samsung A56
353632423361628,Samsung A56
353632423271272,Samsung A56
353632423299869,Samsung A56
353632423270498,Samsung A56
353632423268732,Samsung A56
353632423297277,Samsung A56
353632423325748,Samsung A56
353632423299935,Samsung A56
353632423268914,Samsung A56
353632423319865,Samsung A56
353632423270381,Samsung A56
353632423270258,Samsung A56
353632423270514,Samsung A56
353632423270688,Samsung A56
353632423268229,Samsung A56
353632423348492,Samsung A56
353632423315228,Samsung A56
353632423315038,Samsung A56
353632423306458,Samsung A56
353632423270522,Samsung A56
353632423326308,Samsung A56
353632423326456,Samsung A56
353632423268260,Samsung A56
353632423306615,Samsung A56
353632423326050,Samsung A56
353632423306623,Samsung A56
353632423306573,Samsung A56
353632423263972,Samsung A56
353632423307084,Samsung A56
353632423330664,Samsung A56
353632423355760,Samsung A56
353632423360232,Samsung A56
353632423348146,Samsung A56
353632423330110,Samsung A56
353632423265605,Samsung A56
353632423330037,Samsung A56
353632423296931,Samsung A56
353632423339012,Samsung A56
353632423330649,Samsung A56
353632423297087,Samsung A56
353632423360182,Samsung A56
353632423355695,Samsung A56
353632423357386,Samsung A56
353632423357436,Samsung A56
353632423363046,Samsung A56
353632423295909,Samsung A56
353632423288797,Samsung A56
353632423296659,Samsung A56
353632423288706,Samsung A56
353632423296410,Samsung A56
353632423355752,Samsung A56
353632423357329,Samsung A56
353632423355414,Samsung A56
353632423357428,Samsung A56
353632423296543,Samsung A56
353632423355398,Samsung A56
353632423297103,Samsung A56
353632423357261,Samsung A56
353632423274169,Samsung A56
353632423327926,Samsung A56
353632423269821,Samsung A56
353632423301434,Samsung A56
353632423297632,Samsung A56
353632423325904,Samsung A56
353632423269169,Samsung A56
353632423270043,Samsung A56
353632423327983,Samsung A56
353632423326274,Samsung A56
353632423301210,Samsung A56
353632423274177,Samsung A56
353632423301152,Samsung A56
353632423325714,Samsung A56
353632423328056,Samsung A56
353632423326415,Samsung A56
353632423274367,Samsung A56
353632423303273,Samsung A56
353632423274276,Samsung A56
353632423274193,Samsung A56
353632423355554,Samsung A56
353632423320780,Samsung A56
353632423297640,Samsung A56
353632423348435,Samsung A56
353632423274359,Samsung A56
353632423360307,Samsung A56
353632423327868,Samsung A56
353632423343139,Samsung A56
353632423331076,Samsung A56
353632423327793,Samsung A56
353632423330888,Samsung A56
353632423270738,Samsung A56
353632423314890,Samsung A56
353632423306698,Samsung A56
353632423306607,Samsung A56
353632423271355,Samsung A56
353632423362998,Samsung A56
353632423330474,Samsung A56
353632423357303,Samsung A56
353632423330557,Samsung A56
353632423302218,Samsung A56
353632423363012,Samsung A56
353632423302143,Samsung A56
353632423357279,Samsung A56
353632423360836,Samsung A56
353632423362931,Samsung A56
353632423182842,Samsung A56
353632423195281,Samsung A56
353632423169849,Samsung A56
353632423319816,Samsung A56
353632423286320,Samsung A56
353632423270407,Samsung A56
353632423315566,Samsung A56
353632423270456,Samsung A56
353632423184350,Samsung A56
353632423270548,Samsung A56
353632423270597,Samsung A56
353632423319683,Samsung A56
353632423270589,Samsung A56
353632423195406,Samsung A56
353632423292385,Samsung A56
353632423306516,Samsung A56
353632423299737,Samsung A56
353632423306664,Samsung A56
353632423270506,Samsung A56
353632423306524,Samsung A56
353632423334500,Samsung A56
353632423298663,Samsung A56
353632423270373,Samsung A56
353632423306565,Samsung A56
353632423295727,Samsung A56
353632423437899,Samsung A56
353632423313991,Samsung A56
353632423438244,Samsung A56
353632423452294,Samsung A56
353632423452013,Samsung A56
353632423442030,Samsung A56
353632423330060,Samsung A56
353632423442238,Samsung A56
353632423452237,Samsung A56
353632423452385,Samsung A56
353632423442220,Samsung A56
353632423334450,Samsung A56
353632423330987,Samsung A56
353632423313348,Samsung A56
353632423452229,Samsung A56
353632423305658,Samsung A56
353632423288003,Samsung A56
353632423305732,Samsung A56
353632423278103,Samsung A56
353632423348518,Samsung A56
353632423297137,Samsung A56
353632423305237,Samsung A56
353632423296774,Samsung A56
353632423305609,Samsung A56
353632423296626,Samsung A56
353632423303216,Samsung A56
353632423296634,Samsung A56
353632423296303,Samsung A56
353632423296535,Samsung A56
353632423295818,Samsung A56
353632423262248,Samsung A56
353632423296667,Samsung A56
353632423303232,Samsung A56
353632423329237,Samsung A56
353632423296675,Samsung A56
353632423305146,Samsung A56
353632423362782,Samsung A56
353632423305724,Samsung A56
353632423296618,Samsung A56
353632423296790,Samsung A56
353632423296881,Samsung A56
353632423288649,Samsung A56
353632423296956,Samsung A56
353632423303257,Samsung A56
353632423296568,Samsung A56
353632423296907,Samsung A56
353632423296600,Samsung A56
353632423296865,Samsung A56
353632423296899,Samsung A56
353632423355794,Samsung A56
353632423296709,Samsung A56
353632423355786,Samsung A56
353632423297046,Samsung A56
353632423296873,Samsung A56
353632423296030,Samsung A56
353632423296592,Samsung A56
353632423297236,Samsung A56
353632423296840,Samsung A56
353632423363129,Samsung A56
353632423296519,Samsung A56
353632423200511,Samsung A56
353632423178188,Samsung A56
353632423197030,Samsung A56
353632423174260,Samsung A56
353632423180168,Samsung A56
353632423184392,Samsung A56
353632423190555,Samsung A56
353632423184376,Samsung A56
353632423163446,Samsung A56
353632423170292,Samsung A56
353632423180283,Samsung A56
353632423156499,Samsung A56
353632423178295,Samsung A56
353632423200263,Samsung A56
353632423156580,Samsung A56
353632423359721,Samsung A56
353632423362816,Samsung A56
353632423359234,Samsung A56
353632423330268,Samsung A56
353632423355711,Samsung A56
353632423359689,Samsung A56
353632423359176,Samsung A56
353632423359416,Samsung A56
353632423348633,Samsung A56
353632423362923,Samsung A56
353632423348310,Samsung A56
353632423305690,Samsung A56
353632423264814,Samsung A56
353632423340853,Samsung A56
353632423313702,Samsung A56
353632423265373,Samsung A56
353632423255689,Samsung A56
353632423341497,Samsung A56
353632423325771,Samsung A56
353632423265688,Samsung A56
353632423273971,Samsung A56
353632423325912,Samsung A56
353632423355455,Samsung A56
353632423355489,Samsung A56
353632423325730,Samsung A56
353632423319881,Samsung A56
353632423267973,Samsung A56
353632423348567,Samsung A56
353632423269201,Samsung A56
353632423307092,Samsung A56
353632423296782,Samsung A56
353632423296485,Samsung A56
353632423355661,Samsung A56
353632423295800,Samsung A56
353632423296402,Samsung A56
353632423296949,Samsung A56
353632423296642,Samsung A56
353632423296212,Samsung A56
353632423296501,Samsung A56
353632423305336,Samsung A56
353632423296683,Samsung A56
353632423296386,Samsung A56
353632423296162,Samsung A56
353632423304453,Samsung A56
353632423305138,Samsung A56
353632423267221,Samsung A56
353632423315186,Samsung A56
353632423271306,Samsung A56
353632423297053,Samsung A56
353632423361263,Samsung A56
353632423360877,Samsung A56
353632423294530,Samsung A56
353632423269433,Samsung A56
353632423361495,Samsung A56
353632423313736,Samsung A56
353632423182669,Samsung A56
353632423187072,Samsung A56
353632423180275,Samsung A56
353632423180655,Samsung A56
353632423184186,Samsung A56
353632423206104,Samsung A56
353632423180630,Samsung A56
353632423205957,Samsung A56
353632423180614,Samsung A56
353632423186876,Samsung A56
353632423180523,Samsung A56
353632423180564,Samsung A56
353632423180705,Samsung A56
353632423180747,Samsung A56
353632423176604,Samsung A56
353632423178436,Samsung A56
353632423190209,Samsung A56
353632423206146,Samsung A56
353632423182727,Samsung A56
353632423205965,Samsung A56
353632423355836,Samsung A56
353632423297061,Samsung A56
353632423296832,Samsung A56
353632423296857,Samsung A56
353632423296741,Samsung A56
353632423297251,Samsung A56
353632423296733,Samsung A56
353632423363111,Samsung A56
353632423296808,Samsung A56
353632423297020,Samsung A56
353632423296691,Samsung A56
353632423363095,Samsung A56
353632423296352,Samsung A56
353632423288854,Samsung A56
353632423297038,Samsung A56
353632423362949,Samsung A56
353632423296766,Samsung A56
353632423296816,Samsung A56
353632423295784,Samsung A56
353632423355778,Samsung A56
353632423318222,Samsung A56
353632423289829,Samsung A56
353632423330441,Samsung A56
353632423340952,Samsung A56
353632423303752,Samsung A56
353632423359648,Samsung A56
353632423320285,Samsung A56
353632423331068,Samsung A56
353632423318198,Samsung A56
353632423362774,Samsung A56
353632423294415,Samsung A56
353632423341380,Samsung A56
353632423301400,Samsung A56
353632423348591,Samsung A56
353632423348575,Samsung A56
353632423269524,Samsung A56
353632423273443,Samsung A56
353632423326233,Samsung A56
353632423274268,Samsung A56
353632423268203,Samsung A56
353632423359325,Samsung A56
353632423274227,Samsung A56
353632423355547,Samsung A56
353632423348559,Samsung A56
353632423355521,Samsung A56
353632423270704,Samsung A56
353632423306581,Samsung A56
353632423306532,Samsung A56
353632423271363,Samsung A56
353632423271140,Samsung A56
353632423319832,Samsung A56
353632423271116,Samsung A56
353632423299851,Samsung A56
353632423341422,Samsung A56
353632423305112,Samsung A56
353632423355505,Samsung A56
353632423269813,Samsung A56
353632423326266,Samsung A56
353632423270696,Samsung A56
353632423348500,Samsung A56
353632423273914,Samsung A56
353632423306110,Samsung A56
353632423303539,Samsung A56
353632423314023,Samsung A56
353632423328072,Samsung A56
353632423355356,Samsung A56
353632423260648,Samsung A56
353632423303356,Samsung A56
353632423266058,Samsung A56
353632423273831,Samsung A56
353632423305989,Samsung A56
353632423306177,Samsung A56
353632423274284,Samsung A56
353632423306003,Samsung A56
353632423320434,Samsung A56
353632423355612,Samsung A56
353632423274292,Samsung A56
353632423355653,Samsung A56
353632423355422,Samsung A56
353632423274300,Samsung A56
353632423315418,Samsung A56
353632423296980,Samsung A56
353632423361230,Samsung A56
353632423269839,Samsung A56
353632423361248,Samsung A56
353632423303877,Samsung A56
353632423361040,Samsung A56
353632423288862,Samsung A56
353632423306474,Samsung A56
353632423307779,Samsung A56
353632423297780,Samsung A56
353632423269607,Samsung A56
353632423327678,Samsung A56
353632423327710,Samsung A56
353632423326381,Samsung A56
353632423326357,Samsung A56
353632423273104,Samsung A56
353632423325961,Samsung A56
353632423327652,Samsung A56
353632423268690,Samsung A56
353632423327967,Samsung A56
353632423325755,Samsung A56
353632423268773,Samsung A56
353632423268724,Samsung A56
353632423297970,Samsung A56
353632423297731,Samsung A56
353632423313488,Samsung A56
353632423320459,Samsung A56
353632423355539,Samsung A56
353632423306276,Samsung A56
353632423320350,Samsung A56
353632423314015,Samsung A56
353632423355737,Samsung A56
353632423355687,Samsung A56
353632423314080,Samsung A56
353632423298671,Samsung A56
353632423313314,Samsung A56
353632423355372,Samsung A56
353632423355588,Samsung A56
353632423306193,Samsung A56
353632423314544,Samsung A56
353632423331019,Samsung A56
353632423330870,Samsung A56
353632423330524,Samsung A56
353632423330862,Samsung A56
353632423306441,Samsung A56
353632423306557,Samsung A56
353632423319972,Samsung A56
353632423306722,Samsung A56
353632423306649,Samsung A56
353632423271256,Samsung A56
353632423306540,Samsung A56
353632423271322,Samsung A56
353632423348450,Samsung A56
353632423328874,Samsung A56
353632423303554,Samsung A56
353632423313439,Samsung A56
353632423291577,Samsung A56
353632423320855,Samsung A56
353632423306417,Samsung A56
353632423337248,Samsung A56
353632423311573,Samsung A56
353632423320368,Samsung A56
353632423340911,Samsung A56
353632423340994,Samsung A56
353632423306029,Samsung A56
353632423313033,Samsung A56
353632423270308,Samsung A56
353632423306136,Samsung A56
353632423314478,Samsung A56
353632423361446,Samsung A56
353632423361156,Samsung A56
353632423361305,Samsung A56
353632423361651,Samsung A56
353632423340630,Samsung A56
353632423337263,Samsung A56
353632423312845,Samsung A56
353632423314148,Samsung A56
353632423289217,Samsung A56
353632423320053,Samsung A56
353632423341323,Samsung A56
353632423320061,Samsung A56
353632423348385,Samsung A56
353632423299950,Samsung A56
353632423266553,Samsung A56
353632423295842,Samsung A56
353632423295529,Samsung A56
353632423180754,Samsung A56
353632423361487,Samsung A56
353632423296915,Samsung A56
353632423361412,Samsung A56
353632423297244,Samsung A56
353632423288318,Samsung A56
353632423182537,Samsung A56
353632423179095,Samsung A56
353632423182560,Samsung A56
353632423182594,Samsung A56
353632423178196,Samsung A56
353632423183451,Samsung A56
353632423182610,Samsung A56
353632423183436,Samsung A56
353632423183485,Samsung A56
353632423182545,Samsung A56
353632423183527,Samsung A56
353632423182735,Samsung A56
353632423360158,Samsung A56
353632423178634,Samsung A56
353632423175911,Samsung A56
353632423334401,Samsung A56
353632423334526,Samsung A56
353632423177727,Samsung A56
353632423348161,Samsung A56
353632423179103,Samsung A56
353632423178600,Samsung A56
353632423359812,Samsung A56
353632423178675,Samsung A56
353632423178709,Samsung A56
353632423182776,Samsung A56
353632423416695,Samsung A56
353632423416760,Samsung A56
353632423416810,Samsung A56
353632423424012,Samsung A56
353632423415317,Samsung A56
353632423355703,Samsung A56
353632423330722,Samsung A56
353632423295503,Samsung A56
353632423295677,Samsung A56
353632423330755,Samsung A56
353632423295560,Samsung A56
353632423360828,Samsung A56
353632423363145,Samsung A56
353632423330839,Samsung A56
353632423359713,Samsung A56
353632423195513,Samsung A56
353632423178154,Samsung A56
353632423190845,Samsung A56
353632423195273,Samsung A56
353632423190837,Samsung A56
353632423199952,Samsung A56
353632423193922,Samsung A56
353632423190811,Samsung A56
353632423180226,Samsung A56
353632423184293,Samsung A56
353632423179582,Samsung A56
353632423195380,Samsung A56
353632423197139,Samsung A56
353632423191165,Samsung A56
353632423169302,Samsung A56
353632423197196,Samsung A56
353632423190639,Samsung A56
353632423191371,Samsung A56
353632423337404,Samsung A56
353632423178212,Samsung A56
353632423306235,Samsung A56
353632423301335,Samsung A56
353632423314924,Samsung A56
353632423313892,Samsung A56
353632423184020,Samsung A56
353632423340879,Samsung A56
353632423311615,Samsung A56
353632423306185,Samsung A56
353632423312787,Samsung A56
353632423312951,Samsung A56
353632423288771,Samsung A56
353632423361404,Samsung A56
353632423297194,Samsung A56
353632423303364,Samsung A56
353632423360901,Samsung A56
353632423270670,Samsung A56
353632423363079,Samsung A56
353632423270530,Samsung A56
353632423363020,Samsung A56
353632423270563,Samsung A56
353632423270654,Samsung A56
353632423291551,Samsung A56
353632423362881,Samsung A56
353632423355364,Samsung A56
353632423271843,Samsung A56
353632423262123,Samsung A56
353632423288607,Samsung A56
353632423288656,Samsung A56
353632423360927,Samsung A56
353632423286924,Samsung A56
353632423288631,Samsung A56
353632423297160,Samsung A56
353632423361388,Samsung A56
353632423288433,Samsung A56
353632423262032,Samsung A56
353632423360885,Samsung A56
353632423288508,Samsung A56
353632423297186,Samsung A56
353632423267544,Samsung A56
353632423361370,Samsung A56
353632423306367,Samsung A56
353632423313272,Samsung A56
353632423303570,Samsung A56
353632423348393,Samsung A56
353632423334427,Samsung A56
353632423313603,Samsung A56
353632423319527,Samsung A56
353632423306094,Samsung A56
353632423306219,Samsung A56
353632423306284,Samsung A56
353632423313330,Samsung A56
353632423306326,Samsung A56
353632423319246,Samsung A56
353632423306227,Samsung A56
353632423268328,Samsung A56
353632423319493,Samsung A56
353632423338519,Samsung A56
353632423319501,Samsung A56
353632423341158,Samsung A56
353632423319543,Samsung A56
353632423348427,Samsung A56
353632423340523,Samsung A56
353632423191447,Samsung A56
353632423340390,Samsung A56
353632423335416,Samsung A56
353632423338907,Samsung A56
353632423180143,Samsung A56
353632423181968,Samsung A56
353632423181877,Samsung A56
353632423197170,Samsung A56
353632423340762,Samsung A56
353632423341166,Samsung A56
353632423341315,Samsung A56
353632423338469,Samsung A56
353632423348344,Samsung A56
353632423319295,Samsung A56
353632423340481,Samsung A56
353632423348377,Samsung A56
353632423335523,Samsung A56
353632423348286,Samsung A56
353632423316200,Samsung A56
353632423318446,Samsung A56
353632423318404,Samsung A56
353632423318305,Samsung A56
353632423318032,Samsung A56
353632423270977,Samsung A56
353632423410862,Samsung A56
353632423423147,Samsung A56
353632423416075,Samsung A56
353632423301574,Samsung A56
353632423416059,Samsung A56
353632423415796,Samsung A56
353632423415978,Samsung A56
353632423410607,Samsung A56
353632423304131,Samsung A56
353632423309965,Samsung A56
353632423416141,Samsung A56
353632423267957,Samsung A56
353632423423402,Samsung A56
353632423304750,Samsung A56
353632423170334,Samsung A56
353632423184426,Samsung A56
353632423178253,Samsung A56
353632423193203,Samsung A56
353632423170797,Samsung A56
353632423177149,Samsung A56
353632423348534,Samsung A56
353632423178311,Samsung A56
353632423328023,Samsung A56
353632423178204,Samsung A56
353632423268294,Samsung A56
353632423178147,Samsung A56
353632423178162,Samsung A56
353632423327892,Samsung A56
353632423260929,Samsung A56
353632423307506,Samsung A56
353632423302473,Samsung A56
353632423309791,Samsung A56
353632423330508,Samsung A56
353632423299141,Samsung A56
353632423357295,Samsung A56
353632423357352,Samsung A56
353632423299174,Samsung A56
353632423359457,Samsung A56
353632423359630,Samsung A56
353632423363251,Samsung A56
353632423309486,Samsung A56
353632423309387,Samsung A56
353632423302028,Samsung A56
353632423357170,Samsung A56
353632423300121,Samsung A56
353632423302572,Samsung A56
353632423309981,Samsung A56
353632423308157,Samsung A56
353632423308298,Samsung A56
353632423302226,Samsung A56
353632423300147,Samsung A56
353632423310021,Samsung A56
353632423300196,Samsung A56
353632423307951,Samsung A56
353632423182552,Samsung A56
353632423178428,Samsung A56
353632423178303,Samsung A56
353632423190779,Samsung A56
353632423179129,Samsung A56
353632423181935,Samsung A56
353632423178352,Samsung A56
353632423304362,Samsung A56
353632423304305,Samsung A56
353632423309932,Samsung A56
353632423179251,Samsung A56
353632423304040,Samsung A56
353632423184418,Samsung A56
353632423302564,Samsung A56
353632423168411,Samsung A56
353632423432163,Samsung A56
353632423424913,Samsung A56
353632423416711,Samsung A56
353632423423808,Samsung A56
353632423414138,Samsung A56
353632423417081,Samsung A56
353632423416638,Samsung A56
353632423416687,Samsung A56
353632423431215,Samsung A56
353632423416620,Samsung A56
353632423416331,Samsung A56
353632423431082,Samsung A56
353632423416679,Samsung A56
353632423416869,Samsung A56
353632423416828,Samsung A56
353632423295768,Samsung A56
353632423360786,Samsung A56
353632423359440,Samsung A56
353632423361438,Samsung A56
353632423271348,Samsung A56
353632423361420,Samsung A56
353632423269458,Samsung A56
353632423267148,Samsung A56
353632423361396,Samsung A56
353632423267445,Samsung A56
353632423267502,Samsung A56
353632423361586,Samsung A56
353632423361602,Samsung A56
353632423361743,Samsung A56
353632423320327,Samsung A56
353632423269516,Samsung A56
353632423361354,Samsung A56
353632423297079,Samsung A56
353632423296188,Samsung A56
353632423296113,Samsung A56
353632423296048,Samsung A56
353632423296097,Samsung A56
353632423299208,Samsung A56
353632423296154,Samsung A56
353632423363269,Samsung A56
353632423296121,Samsung A56
353632423296261,Samsung A56
353632423296196,Samsung A56
353632423363244,Samsung A56
353632423296006,Samsung A56
353632423296311,Samsung A56
353632423363293,Samsung A56
353632423363319,Samsung A56
354844944058398,Samsung Xcover 7
